<?xml version="1.0" encoding="UTF-8"?>
<!DOCTYPE configuremap [
<!ELEMENT configuremap (configure)+>
<!ELEMENT configure (#PCDATA)>
<!ATTLIST configure name CDATA #REQUIRED>
<!ATTLIST configure value CDATA #REQUIRED>
]>
<configuremap>
  <configure name="CC" value="gcc -std=gnu99 -std=gnu99"/>
  <configure name="CFLAGS" value="-pthread -I/usr/include/OpenEXR -I/usr/include/freetype2 -fopenmp -g -O2 -Wall -fexceptions -pthread -DMAGICKCORE_HDRI_ENABLE=0 -DMAGICKCORE_QUANTUM_DEPTH=16"/>
  <configure name="CODER_PATH" value="/usr/local/lib/ImageMagick-6.8.7/modules-Q16/coders"/>
  <configure name="CONFIGURE_PATH" value="/usr/local/etc/ImageMagick-6/"/>
  <configure name="CONFIGURE" value="./configure "/>
  <configure name="COPYRIGHT" value="Copyright (C) 1999-2014 ImageMagick Studio LLC"/>
  <configure name="CPPFLAGS" value="-I/usr/local/include/ImageMagick-6"/>
  <configure name="CXXFLAGS" value="-g -O2 -pthread"/>
  <configure name="CXX" value="g++"/>
  <configure name="DEFS" value="-DHAVE_CONFIG_H"/>
  <configure name="DELEGATES" value="bzlib djvu mpeg freetype jng jp2 jpeg lcms openexr png ps tiff x xml zlib"/>
  <configure name="DISTCHECK_CONFIG_FLAGS" value="--disable-deprecated --with-quantum-depth=16 --with-umem=no --with-autotrace=no --with-gslib=no --with-fontpath= --with-gvc=no --with-mupdf=no --with-rsvg=no --with-wmf=no --with-perl=no"/>
  <configure name="DOCUMENTATION_PATH" value="/usr/local/share/doc/ImageMagick-6"/>
  <configure name="EXEC-PREFIX" value="/usr/local"/>
  <configure name="EXECUTABLE_PATH" value="/usr/local/bin"/>
  <configure name="FEATURES" value="DPC OpenMP"/>
  <configure name="FILTER_PATH" value="/usr/local/lib/ImageMagick-6.8.7/modules-Q16/filters"/>
  <configure name="HOST" value="x86_64-unknown-linux-gnu"/>
  <configure name="INCLUDE_PATH" value="/usr/local/include/ImageMagick-6"/>
  <configure name="LDFLAGS" value="-L/usr/local/lib "/>
  <configure name="LIBRARY_PATH" value="/usr/local/lib/ImageMagick-6.8.7"/>
  <configure name="LIBS" value="-llcms -ltiff -lfreetype -ljasper -ljpeg -lpng12 -ldjvulibre -lXext -lXt -lSM -lICE -lX11 -lbz2 -pthread -lIlmImf -lz -lImath -lHalf -lIex -lIlmThread -lxml2 -lz -lm -lgomp"/>
  <configure name="LIB_VERSION_NUMBER" value="6,8,7,10"/>
  <configure name="LIB_VERSION" value="0x687"/>
  <configure name="NAME" value="ImageMagick"/>
  <configure name="PCFLAGS" value="-fopenmp -DMAGICKCORE_HDRI_ENABLE=0 -DMAGICKCORE_QUANTUM_DEPTH=16"/>
  <configure name="PREFIX" value="/usr/local"/>
  <configure name="QuantumDepth" value="16"/>
  <configure name="RELEASE_DATE" value="2013-12-17"/>
  <configure name="SHAREARCH_PATH" value="/usr/local/lib/ImageMagick-6.8.7/config-Q16"/>
  <configure name="SHARE_PATH" value="/usr/local/share/ImageMagick-6"/>
  <configure name="SVN_REVISION" value="13965" />
  <configure name="TARGET_CPU" value="x86_64"/>
  <configure name="TARGET_OS" value="linux-gnu"/>
  <configure name="TARGET_VENDOR" value="unknown"/>
  <configure name="VERSION" value="6.8.7"/>
  <configure name="WEBSITE" value="http://www.imagemagick.org"/>
</configuremap>
